uniquepart_id,result_timestamp,result_state,param_name,result,unit
5788729984,11/4/2026,1,Plasma Frequency,23,HZ
5788729984,11/4/2026,1,Plasma Current,12,A
5788729984,11/4/2026,1,Plasma Voltage,280,V
5788729984,11/4/2026,1,Plasma Pressure,75,Bar
5788729984,11/4/2026,1,Plasma WorkingHours,39,Bar
5788729984,11/4/2026,1,Plasma RecipeActual,1,Bar
5788729985,11/5/2026,1,Plasma Frequency,23,HZ
5788729985,11/5/2026,1,Plasma Current,12,A
5788729985,11/5/2026,1,Plasma Voltage,280,V
5788729985,11/5/2026,1,Plasma Pressure,76,Bar
5788729985,11/5/2026,1,Plasma WorkingHours,39,Bar
5788729985,11/5/2026,1,Plasma RecipeActual,1,Bar
5788729985,11/6/2026,1,Plasma Frequency,23,HZ
5788729985,11/6/2026,1,Plasma Current,12,A
5788729986,11/6/2026,1,Plasma Voltage,280,V
5788729986,11/6/2026,1,Plasma Pressure,76,Bar
5788729986,11/6/2026,1,Plasma WorkingHours,39,Bar
5788729986,11/6/2026,1,Plasma RecipeActual,1,Bar
5788729986,11/7/2026,1,Plasma Frequency,23,HZ
5788729986,11/7/2026,1,Plasma Current,12,A
5788729986,11/7/2026,1,Plasma Voltage,280,V
5788729986,11/7/2026,1,Plasma Pressure,75,Bar
5788729987,11/7/2026,1,Plasma WorkingHours,39,Bar
5788729987,11/7/2026,1,Plasma RecipeActual,1,Bar
5788729987,11/8/2026,1,Plasma Frequency,23,HZ
5788729987,11/8/2026,1,Plasma Current,12,A
5788729987,11/8/2026,1,Plasma Voltage,280,V
5788729987,11/8/2026,1,Plasma Pressure,75,HZ
5788729987,11/8/2026,1,Plasma WorkingHours,39,A
5788729987,11/8/2026,1,Plasma RecipeActual,1,V
5788729988,11/9/2026,1,Plasma Frequency,23,Bar
5788729988,11/9/2026,1,Plasma Current,12,Bar
5788729988,11/9/2026,1,Plasma Voltage,280,Bar
5788729988,11/9/2026,1,Plasma Pressure,75,HZ
5788729988,11/9/2026,1,Plasma WorkingHours,39,A
5788729988,11/9/2026,1,Plasma RecipeActual,1,V
5788729989,11/10/2026,1,Plasma Frequency,23,HZ
5788729989,11/10/2026,1,Plasma Current,12,A
5788729989,11/10/2026,1,Plasma Voltage,280,V
5788729989,11/10/2026,1,Plasma Pressure,76,Bar
5788729989,11/10/2026,1,Plasma WorkingHours,38,Bar
5788729989,11/10/2026,1,Plasma RecipeActual,1,Bar
5788729990,11/11/2026,0,Plasma Frequency,25,HZ
5788729990,11/11/2026,0,Plasma Current,15,A
5788729990,11/11/2026,0,Plasma Voltage,278,V
5788729990,11/11/2026,0,Plasma Pressure,72,Bar
5788729990,11/11/2026,0,Plasma WorkingHours,35,Bar
5788729990,11/11/2026,0,Plasma RecipeActual,2,Bar
5788729991,11/12/2026,1,Plasma Frequency,23,HZ
5788729991,11/12/2026,1,Plasma Current,12,A
5788729991,11/12/2026,1,Plasma Voltage,280,V
5788729991,11/12/2026,1,Plasma Pressure,76,Bar
5788729991,11/12/2026,1,Plasma WorkingHours,39,Bar
5788729991,11/12/2026,1,Plasma RecipeActual,1,Bar
5788729992,11/13/2026,0,Plasma Frequency,20,HZ
5788729992,11/13/2026,0,Plasma Current,10,A
5788729992,11/13/2026,0,Plasma Voltage,282,V
5788729992,11/13/2026,0,Plasma Pressure,80,Bar
5788729992,11/13/2026,0,Plasma WorkingHours,42,Bar
5788729992,11/13/2026,0,Plasma RecipeActual,1,Bar
5788729993,11/14/2026,1,Plasma Frequency,23,HZ
5788729993,11/14/2026,1,Plasma Current,12,A
5788729993,11/14/2026,1,Plasma Voltage,280,V
5788729993,11/14/2026,1,Plasma Pressure,76,Bar
5788729993,11/14/2026,1,Plasma WorkingHours,39,Bar
5788729993,11/14/2026,1,Plasma RecipeActual,1,Bar
5788729994,11/15/2026,1,Plasma Frequency,23,HZ
5788729994,11/15/2026,1,Plasma Current,12,A
5788729994,11/15/2026,1,Plasma Voltage,280,V
5788729994,11/15/2026,1,Plasma Pressure,75,Bar
5788729994,11/15/2026,1,Plasma WorkingHours,39,Bar
5788729994,11/15/2026,1,Plasma RecipeActual,1,Bar
5788729995,11/16/2026,1,Plasma Frequency,24,HZ
5788729995,11/16/2026,1,Plasma Current,11,A
5788729995,11/16/2026,1,Plasma Voltage,281,V
5788729995,11/16/2026,1,Plasma Pressure,74,Bar
5788729995,11/16/2026,1,Plasma WorkingHours,40,Bar
5788729995,11/16/2026,1,Plasma RecipeActual,1,Bar
5788729996,11/17/2026,0,Plasma Frequency,26,HZ
5788729996,11/17/2026,0,Plasma Current,14,A
5788729996,11/17/2026,0,Plasma Voltage,279,V
5788729996,11/17/2026,0,Plasma Pressure,73,Bar
5788729996,11/17/2026,0,Plasma WorkingHours,36,Bar
5788729996,11/17/2026,0,Plasma RecipeActual,2,Bar
5788729997,11/18/2026,1,Plasma Frequency,23,HZ
5788729997,11/18/2026,1,Plasma Current,12,A
5788729997,11/18/2026,1,Plasma Voltage,280,V
5788729997,11/18/2026,1,Plasma Pressure,76,Bar
5788729997,11/18/2026,1,Plasma WorkingHours,39,Bar
5788729997,11/18/2026,1,Plasma RecipeActual,1,Bar
5788729998,11/19/2026,1,Plasma Frequency,22,HZ
5788729998,11/19/2026,1,Plasma Current,13,A
5788729998,11/19/2026,1,Plasma Voltage,279,V
5788729998,11/19/2026,1,Plasma Pressure,77,Bar
5788729998,11/19/2026,1,Plasma WorkingHours,38,Bar
5788729998,11/19/2026,1,Plasma RecipeActual,1,Bar
5788729999,11/20/2026,1,Plasma Frequency,23,HZ
5788729999,11/20/2026,1,Plasma Current,12,A
5788729999,11/20/2026,1,Plasma Voltage,280,V
5788729999,11/20/2026,1,Plasma Pressure,75,Bar
5788729999,11/20/2026,1,Plasma WorkingHours,39,Bar
5788729999,11/20/2026,1,Plasma RecipeActual,1,Bar
5788730000,11/21/2026,0,Plasma Frequency,25,HZ
5788730000,11/21/2026,0,Plasma Current,15,A
5788730000,11/21/2026,0,Plasma Voltage,278,V
5788730000,11/21/2026,0,Plasma Pressure,72,Bar
5788730000,11/21/2026,0,Plasma WorkingHours,35,Bar
5788730000,11/21/2026,0,Plasma RecipeActual,2,Bar
5788730001,11/22/2026,1,Plasma Frequency,23,HZ
5788730001,11/22/2026,1,Plasma Current,12,A
5788730001,11/22/2026,1,Plasma Voltage,280,V
5788730001,11/22/2026,1,Plasma Pressure,76,Bar
5788730001,11/22/2026,1,Plasma WorkingHours,39,Bar
5788730001,11/22/2026,1,Plasma RecipeActual,1,Bar
5788730002,11/23/2026,1,Plasma Frequency,21,HZ
5788730002,11/23/2026,1,Plasma Current,11,A
5788730002,11/23/2026,1,Plasma Voltage,281,V
5788730002,11/23/2026,1,Plasma Pressure,74,Bar
5788730002,11/23/2026,1,Plasma WorkingHours,40,Bar
5788730002,11/23/2026,1,Plasma RecipeActual,1,Bar
5788730003,11/24/2026,0,Plasma Frequency,27,HZ
5788730003,11/24/2026,0,Plasma Current,16,A
5788730003,11/24/2026,0,Plasma Voltage,277,V
5788730003,11/24/2026,0,Plasma Pressure,71,Bar
5788730003,11/24/2026,0,Plasma WorkingHours,34,Bar
5788730003,11/24/2026,0,Plasma RecipeActual,3,Bar
5788730004,11/25/2026,1,Plasma Frequency,23,HZ
5788730004,11/25/2026,1,Plasma Current,12,A
5788730004,11/25/2026,1,Plasma Voltage,280,V
5788730004,11/25/2026,1,Plasma Pressure,76,Bar
5788730004,11/25/2026,1,Plasma WorkingHours,39,Bar
5788730004,11/25/2026,1,Plasma RecipeActual,1,Bar
5788730005,11/26/2026,1,Plasma Frequency,24,HZ
5788730005,11/26/2026,1,Plasma Current,11,A
5788730005,11/26/2026,1,Plasma Voltage,279,V
5788730005,11/26/2026,1,Plasma Pressure,75,Bar
5788730005,11/26/2026,1,Plasma WorkingHours,40,Bar
5788730005,11/26/2026,1,Plasma RecipeActual,1,Bar
5788730006,11/27/2026,1,Plasma Frequency,23,HZ
5788730006,11/27/2026,1,Plasma Current,12,A
5788730006,11/27/2026,1,Plasma Voltage,280,V
5788730006,11/27/2026,1,Plasma Pressure,76,Bar
5788730006,11/27/2026,1,Plasma WorkingHours,39,Bar
5788730006,11/27/2026,1,Plasma RecipeActual,1,Bar
5788730007,11/28/2026,0,Plasma Frequency,26,HZ
5788730007,11/28/2026,0,Plasma Current,14,A
5788730007,11/28/2026,0,Plasma Voltage,279,V
5788730007,11/28/2026,0,Plasma Pressure,73,Bar
5788730007,11/28/2026,0,Plasma WorkingHours,36,Bar
5788730007,11/28/2026,0,Plasma RecipeActual,2,Bar
5788730008,11/29/2026,1,Plasma Frequency,23,HZ
5788730008,11/29/2026,1,Plasma Current,12,A
5788730008,11/29/2026,1,Plasma Voltage,280,V
5788730008,11/29/2026,1,Plasma Pressure,76,Bar
5788730008,11/29/2026,1,Plasma WorkingHours,39,Bar
5788730008,11/29/2026,1,Plasma RecipeActual,1,Bar
5788730009,11/30/2026,1,Plasma Frequency,22,HZ
5788730009,11/30/2026,1,Plasma Current,13,A
5788730009,11/30/2026,1,Plasma Voltage,281,V
5788730009,11/30/2026,1,Plasma Pressure,74,Bar
5788730009,11/30/2026,1,Plasma WorkingHours,40,Bar
5788730009,11/30/2026,1,Plasma RecipeActual,1,Bar
5788730010,12/1/2026,1,Plasma Frequency,23,HZ
5788730010,12/1/2026,1,Plasma Current,12,A
5788730010,12/1/2026,1,Plasma Voltage,280,V
5788730010,12/1/2026,1,Plasma Pressure,75,Bar
5788730010,12/1/2026,1,Plasma WorkingHours,39,Bar
5788730010,12/1/2026,1,Plasma RecipeActual,1,Bar
5788730011,12/2/2026,0,Plasma Frequency,25,HZ
5788730011,12/2/2026,0,Plasma Current,15,A
5788730011,12/2/2026,0,Plasma Voltage,278,V
5788730011,12/2/2026,0,Plasma Pressure,72,Bar
5788730011,12/2/2026,0,Plasma WorkingHours,35,Bar
5788730011,12/2/2026,0,Plasma RecipeActual,2,Bar
5788730012,12/3/2026,1,Plasma Frequency,23,HZ
5788730012,12/3/2026,1,Plasma Current,12,A
5788730012,12/3/2026,1,Plasma Voltage,280,V
5788730012,12/3/2026,1,Plasma Pressure,76,Bar
5788730012,12/3/2026,1,Plasma WorkingHours,39,Bar
5788730012,12/3/2026,1,Plasma RecipeActual,1,Bar
5788730013,12/4/2026,1,Plasma Frequency,20,HZ
5788730013,12/4/2026,1,Plasma Current,10,A
5788730013,12/4/2026,1,Plasma Voltage,282,V
5788730013,12/4/2026,1,Plasma Pressure,80,Bar
5788730013,12/4/2026,1,Plasma WorkingHours,42,Bar
5788730013,12/4/2026,1,Plasma RecipeActual,1,Bar
5788730014,12/5/2026,0,Plasma Frequency,28,HZ
5788730014,12/5/2026,0,Plasma Current,17,A
5788730014,12/5/2026,0,Plasma Voltage,276,V
5788730014,12/5/2026,0,Plasma Pressure,70,Bar
5788730014,12/5/2026,0,Plasma WorkingHours,33,Bar
5788730014,12/5/2026,0,Plasma RecipeActual,3,Bar
5788730015,12/6/2026,1,Plasma Frequency,23,HZ
5788730015,12/6/2026,1,Plasma Current,12,A
5788730015,12/6/2026,1,Plasma Voltage,280,V
5788730015,12/6/2026,1,Plasma Pressure,76,Bar
5788730015,12/6/2026,1,Plasma WorkingHours,39,Bar
5788730015,12/6/2026,1,Plasma RecipeActual,1,Bar
5788730016,12/7/2026,1,Plasma Frequency,24,HZ
5788730016,12/7/2026,1,Plasma Current,11,A
5788730016,12/7/2026,1,Plasma Voltage,279,V
5788730016,12/7/2026,1,Plasma Pressure,75,Bar
5788730016,12/7/2026,1,Plasma WorkingHours,40,Bar
5788730016,12/7/2026,1,Plasma RecipeActual,1,Bar
5788730017,12/8/2026,1,Plasma Frequency,23,HZ
5788730017,12/8/2026,1,Plasma Current,12,A
5788730017,12/8/2026,1,Plasma Voltage,280,V
5788730017,12/8/2026,1,Plasma Pressure,76,Bar
5788730017,12/8/2026,1,Plasma WorkingHours,39,Bar
5788730017,12/8/2026,1,Plasma RecipeActual,1,Bar
5788730018,12/9/2026,0,Plasma Frequency,26,HZ
5788730018,12/9/2026,0,Plasma Current,14,A
5788730018,12/9/2026,0,Plasma Voltage,279,V
5788730018,12/9/2026,0,Plasma Pressure,73,Bar
5788730018,12/9/2026,0,Plasma WorkingHours,36,Bar
5788730018,12/9/2026,0,Plasma RecipeActual,2,Bar
5788730019,12/10/2026,1,Plasma Frequency,23,HZ
5788730019,12/10/2026,1,Plasma Current,12,A
5788730019,12/10/2026,1,Plasma Voltage,280,V
5788730019,12/10/2026,1,Plasma Pressure,76,Bar
5788730019,12/10/2026,1,Plasma WorkingHours,39,Bar
5788730019,12/10/2026,1,Plasma RecipeActual,1,Bar
5788730020,12/11/2026,1,Plasma Frequency,22,HZ
5788730020,12/11/2026,1,Plasma Current,13,A
5788730020,12/11/2026,1,Plasma Voltage,281,V
5788730020,12/11/2026,1,Plasma Pressure,74,Bar
5788730020,12/11/2026,1,Plasma WorkingHours,40,Bar
5788730020,12/11/2026,1,Plasma RecipeActual,1,Bar
5788730021,12/12/2026,1,Plasma Frequency,23,HZ
5788730021,12/12/2026,1,Plasma Current,12,A
5788730021,12/12/2026,1,Plasma Voltage,280,V
5788730021,12/12/2026,1,Plasma Pressure,75,Bar
5788730021,12/12/2026,1,Plasma WorkingHours,39,Bar
5788730021,12/12/2026,1,Plasma RecipeActual,1,Bar
5788730022,12/13/2026,0,Plasma Frequency,25,HZ
5788730022,12/13/2026,0,Plasma Current,15,A
5788730022,12/13/2026,0,Plasma Voltage,278,V
5788730022,12/13/2026,0,Plasma Pressure,72,Bar
5788730022,12/13/2026,0,Plasma WorkingHours,35,Bar
5788730022,12/13/2026,0,Plasma RecipeActual,2,Bar
5788730023,12/14/2026,1,Plasma Frequency,23,HZ
5788730023,12/14/2026,1,Plasma Current,12,A
5788730023,12/14/2026,1,Plasma Voltage,280,V
5788730023,12/14/2026,1,Plasma Pressure,76,Bar
5788730023,12/14/2026,1,Plasma WorkingHours,39,Bar
5788730023,12/14/2026,1,Plasma RecipeActual,1,Bar
5788730024,12/15/2026,1,Plasma Frequency,21,HZ
5788730024,12/15/2026,1,Plasma Current,11,A
5788730024,12/15/2026,1,Plasma Voltage,281,V
5788730024,12/15/2026,1,Plasma Pressure,74,Bar
5788730024,12/15/2026,1,Plasma WorkingHours,40,Bar
5788730024,12/15/2026,1,Plasma RecipeActual,1,Bar
5788730025,12/16/2026,0,Plasma Frequency,27,HZ
5788730025,12/16/2026,0,Plasma Current,16,A
5788730025,12/16/2026,0,Plasma Voltage,277,V
5788730025,12/16/2026,0,Plasma Pressure,71,Bar
5788730025,12/16/2026,0,Plasma WorkingHours,34,Bar
5788730025,12/16/2026,0,Plasma RecipeActual,3,Bar
5788730026,12/17/2026,1,Plasma Frequency,23,HZ
5788730026,12/17/2026,1,Plasma Current,12,A
5788730026,12/17/2026,1,Plasma Voltage,280,V
5788730026,12/17/2026,1,Plasma Pressure,76,Bar
5788730026,12/17/2026,1,Plasma WorkingHours,39,Bar
5788730026,12/17/2026,1,Plasma RecipeActual,1,Bar
5788730027,12/18/2026,1,Plasma Frequency,24,HZ
5788730027,12/18/2026,1,Plasma Current,11,A
5788730027,12/18/2026,1,Plasma Voltage,279,V
5788730027,12/18/2026,1,Plasma Pressure,75,Bar
5788730027,12/18/2026,1,Plasma WorkingHours,40,Bar
5788730027,12/18/2026,1,Plasma RecipeActual,1,Bar
5788730028,12/19/2026,1,Plasma Frequency,23,HZ
5788730028,12/19/2026,1,Plasma Current,12,A
5788730028,12/19/2026,1,Plasma Voltage,280,V
5788730028,12/19/2026,1,Plasma Pressure,76,Bar
5788730028,12/19/2026,1,Plasma WorkingHours,39,Bar
5788730028,12/19/2026,1,Plasma RecipeActual,1,Bar
5788730029,12/20/2026,0,Plasma Frequency,26,HZ
5788730029,12/20/2026,0,Plasma Current,14,A
5788730029,12/20/2026,0,Plasma Voltage,279,V
5788730029,12/20/2026,0,Plasma Pressure,73,Bar
5788730029,12/20/2026,0,Plasma WorkingHours,36,Bar
5788730029,12/20/2026,0,Plasma RecipeActual,2,Bar
5788730030,12/21/2026,1,Plasma Frequency,23,HZ
5788730030,12/21/2026,1,Plasma Current,12,A
5788730030,12/21/2026,1,Plasma Voltage,280,V
5788730030,12/21/2026,1,Plasma Pressure,76,Bar
5788730030,12/21/2026,1,Plasma WorkingHours,39,Bar
5788730030,12/21/2026,1,Plasma RecipeActual,1,Bar
5788730031,12/22/2026,1,Plasma Frequency,22,HZ
5788730031,12/22/2026,1,Plasma Current,13,A
5788730031,12/22/2026,1,Plasma Voltage,281,V
5788730031,12/22/2026,1,Plasma Pressure,74,Bar
5788730031,12/22/2026,1,Plasma WorkingHours,40,Bar
5788730031,12/22/2026,1,Plasma RecipeActual,1,Bar
5788730032,12/23/2026,1,Plasma Frequency,23,HZ
5788730032,12/23/2026,1,Plasma Current,12,A
5788730032,12/23/2026,1,Plasma Voltage,280,V
5788730032,12/23/2026,1,Plasma Pressure,75,Bar
5788730032,12/23/2026,1,Plasma WorkingHours,39,Bar
5788730032,12/23/2026,1,Plasma RecipeActual,1,Bar
5788730033,12/24/2026,0,Plasma Frequency,25,HZ
5788730033,12/24/2026,0,Plasma Current,15,A
5788730033,12/24/2026,0,Plasma Voltage,278,V
5788730033,12/24/2026,0,Plasma Pressure,72,Bar
5788730033,12/24/2026,0,Plasma WorkingHours,35,Bar
5788730033,12/24/2026,0,Plasma RecipeActual,2,Bar
5788730034,12/25/2026,1,Plasma Frequency,23,HZ
5788730034,12/25/2026,1,Plasma Current,12,A
5788730034,12/25/2026,1,Plasma Voltage,280,V
5788730034,12/25/2026,1,Plasma Pressure,76,Bar
5788730034,12/25/2026,1,Plasma WorkingHours,39,Bar
5788730034,12/25/2026,1,Plasma RecipeActual,1,Bar
5788730035,12/26/2026,1,Plasma Frequency,20,HZ
5788730035,12/26/2026,1,Plasma Current,10,A
5788730035,12/26/2026,1,Plasma Voltage,282,V
5788730035,12/26/2026,1,Plasma Pressure,80,Bar
5788730035,12/26/2026,1,Plasma WorkingHours,42,Bar
5788730035,12/26/2026,1,Plasma RecipeActual,1,Bar
5788730036,12/27/2026,0,Plasma Frequency,28,HZ
5788730036,12/27/2026,0,Plasma Current,17,A
5788730036,12/27/2026,0,Plasma Voltage,276,V
5788730036,12/27/2026,0,Plasma Pressure,70,Bar
5788730036,12/27/2026,0,Plasma WorkingHours,33,Bar
5788730036,12/27/2026,0,Plasma RecipeActual,3,Bar
5788730037,12/28/2026,1,Plasma Frequency,23,HZ
5788730037,12/28/2026,1,Plasma Current,12,A
5788730037,12/28/2026,1,Plasma Voltage,280,V
5788730037,12/28/2026,1,Plasma Pressure,76,Bar
5788730037,12/28/2026,1,Plasma WorkingHours,39,Bar
5788730037,12/28/2026,1,Plasma RecipeActual,1,Bar
5788730038,12/29/2026,1,Plasma Frequency,24,HZ
5788730038,12/29/2026,1,Plasma Current,11,A
5788730038,12/29/2026,1,Plasma Voltage,279,V
5788730038,12/29/2026,1,Plasma Pressure,75,Bar
5788730038,12/29/2026,1,Plasma WorkingHours,40,Bar
5788730038,12/29/2026,1,Plasma RecipeActual,1,Bar
5788730039,12/30/2026,1,Plasma Frequency,23,HZ
5788730039,12/30/2026,1,Plasma Current,12,A
5788730039,12/30/2026,1,Plasma Voltage,280,V
5788730039,12/30/2026,1,Plasma Pressure,76,Bar
5788730039,12/30/2026,1,Plasma WorkingHours,39,Bar
5788730039,12/30/2026,1,Plasma RecipeActual,1,Bar
5788730040,12/31/2026,0,Plasma Frequency,26,HZ
5788730040,12/31/2026,0,Plasma Current,14,A
5788730040,12/31/2026,0,Plasma Voltage,279,V
5788730040,12/31/2026,0,Plasma Pressure,73,Bar
5788730040,12/31/2026,0,Plasma WorkingHours,36,Bar
5788730040,12/31/2026,0,Plasma RecipeActual,2,Bar
5788730041,1/1/2027,1,Plasma Frequency,23,HZ
5788730041,1/1/2027,1,Plasma Current,12,A
5788730041,1/1/2027,1,Plasma Voltage,280,V
5788730041,1/1/2027,1,Plasma Pressure,76,Bar
5788730041,1/1/2027,1,Plasma WorkingHours,39,Bar
5788730041,1/1/2027,1,Plasma RecipeActual,1,Bar
5788730042,1/2/2027,1,Plasma Frequency,22,HZ
5788730042,1/2/2027,1,Plasma Current,13,A
5788730042,1/2/2027,1,Plasma Voltage,281,V
5788730042,1/2/2027,1,Plasma Pressure,74,Bar
5788730042,1/2/2027,1,Plasma WorkingHours,40,Bar
5788730042,1/2/2027,1,Plasma RecipeActual,1,Bar
5788730043,1/3/2027,1,Plasma Frequency,23,HZ
5788730043,1/3/2027,1,Plasma Current,12,A
5788730043,1/3/2027,1,Plasma Voltage,280,V
5788730043,1/3/2027,1,Plasma Pressure,75,Bar
5788730043,1/3/2027,1,Plasma WorkingHours,39,Bar
5788730043,1/3/2027,1,Plasma RecipeActual,1,Bar
5788730044,1/4/2027,0,Plasma Frequency,25,HZ
5788730044,1/4/2027,0,Plasma Current,15,A
5788730044,1/4/2027,0,Plasma Voltage,278,V
5788730044,1/4/2027,0,Plasma Pressure,72,Bar
5788730044,1/4/2027,0,Plasma WorkingHours,35,Bar
5788730044,1/4/2027,0,Plasma RecipeActual,2,Bar
5788730045,1/5/2027,1,Plasma Frequency,23,HZ
5788730045,1/5/2027,1,Plasma Current,12,A
5788730045,1/5/2027,1,Plasma Voltage,280,V
5788730045,1/5/2027,1,Plasma Pressure,76,Bar
5788730045,1/5/2027,1,Plasma WorkingHours,39,Bar
5788730045,1/5/2027,1,Plasma RecipeActual,1,Bar
5788730046,1/6/2027,1,Plasma Frequency,21,HZ
5788730046,1/6/2027,1,Plasma Current,11,A
5788730046,1/6/2027,1,Plasma Voltage,281,V
5788730046,1/6/2027,1,Plasma Pressure,74,Bar
5788730046,1/6/2027,1,Plasma WorkingHours,40,Bar
5788730046,1/6/2027,1,Plasma RecipeActual,1,Bar
5788730047,1/7/2027,0,Plasma Frequency,27,HZ
5788730047,1/7/2027,0,Plasma Current,16,A
5788730047,1/7/2027,0,Plasma Voltage,277,V
5788730047,1/7/2027,0,Plasma Pressure,71,Bar
5788730047,1/7/2027,0,Plasma WorkingHours,34,Bar
5788730047,1/7/2027,0,Plasma RecipeActual,3,Bar
5788730048,1/8/2027,1,Plasma Frequency,23,HZ
5788730048,1/8/2027,1,Plasma Current,12,A
5788730048,1/8/2027,1,Plasma Voltage,280,V
5788730048,1/8/2027,1,Plasma Pressure,76,Bar
5788730048,1/8/2027,1,Plasma WorkingHours,39,Bar
5788730048,1/8/2027,1,Plasma RecipeActual,1,Bar
5788730049,1/9/2027,1,Plasma Frequency,24,HZ
5788730049,1/9/2027,1,Plasma Current,11,A
5788730049,1/9/2027,1,Plasma Voltage,279,V
5788730049,1/9/2027,1,Plasma Pressure,75,Bar
5788730049,1/9/2027,1,Plasma WorkingHours,40,Bar
5788730049,1/9/2027,1,Plasma RecipeActual,1,Bar
5788730050,1/10/2027,1,Plasma Frequency,23,HZ
5788730050,1/10/2027,1,Plasma Current,12,A
5788730050,1/10/2027,1,Plasma Voltage,280,V
5788730050,1/10/2027,1,Plasma Pressure,76,Bar
5788730050,1/10/2027,1,Plasma WorkingHours,39,Bar
5788730050,1/10/2027,1,Plasma RecipeActual,1,Bar
5788730051,1/11/2027,0,Plasma Frequency,26,HZ
5788730051,1/11/2027,0,Plasma Current,14,A
5788730051,1/11/2027,0,Plasma Voltage,279,V
5788730051,1/11/2027,0,Plasma Pressure,73,Bar
5788730051,1/11/2027,0,Plasma WorkingHours,36,Bar
5788730051,1/11/2027,0,Plasma RecipeActual,2,Bar
5788730052,1/12/2027,1,Plasma Frequency,23,HZ
5788730052,1/12/2027,1,Plasma Current,12,A
5788730052,1/12/2027,1,Plasma Voltage,280,V
5788730052,1/12/2027,1,Plasma Pressure,76,Bar
5788730052,1/12/2027,1,Plasma WorkingHours,39,Bar
5788730052,1/12/2027,1,Plasma RecipeActual,1,Bar
5788730053,1/13/2027,1,Plasma Frequency,22,HZ
5788730053,1/13/2027,1,Plasma Current,13,A
5788730053,1/13/2027,1,Plasma Voltage,281,V
5788730053,1/13/2027,1,Plasma Pressure,74,Bar
5788730053,1/13/2027,1,Plasma WorkingHours,40,Bar
5788730053,1/13/2027,1,Plasma RecipeActual,1,Bar
5788730054,1/14/2027,1,Plasma Frequency,23,HZ
5788730054,1/14/2027,1,Plasma Current,12,A
5788730054,1/14/2027,1,Plasma Voltage,280,V
5788730054,1/14/2027,1,Plasma Pressure,75,Bar
5788730054,1/14/2027,1,Plasma WorkingHours,39,Bar
5788730054,1/14/2027,1,Plasma RecipeActual,1,Bar
5788730055,1/15/2027,0,Plasma Frequency,25,HZ
5788730055,1/15/2027,0,Plasma Current,15,A
5788730055,1/15/2027,0,Plasma Voltage,278,V
5788730055,1/15/2027,0,Plasma Pressure,72,Bar
5788730055,1/15/2027,0,Plasma WorkingHours,35,Bar
5788730055,1/15/2027,0,Plasma RecipeActual,2,Bar
5788730056,1/16/2027,1,Plasma Frequency,23,HZ
5788730056,1/16/2027,1,Plasma Current,12,A
5788730056,1/16/2027,1,Plasma Voltage,280,V
5788730056,1/16/2027,1,Plasma Pressure,76,Bar
5788730056,1/16/2027,1,Plasma WorkingHours,39,Bar
5788730056,1/16/2027,1,Plasma RecipeActual,1,Bar
5788730057,1/17/2027,1,Plasma Frequency,20,HZ
5788730057,1/17/2027,1,Plasma Current,10,A
5788730057,1/17/2027,1,Plasma Voltage,282,V
5788730057,1/17/2027,1,Plasma Pressure,80,Bar
5788730057,1/17/2027,1,Plasma WorkingHours,42,Bar
5788730057,1/17/2027,1,Plasma RecipeActual,1,Bar
5788730058,1/18/2027,0,Plasma Frequency,28,HZ
5788730058,1/18/2027,0,Plasma Current,17,A
5788730058,1/18/2027,0,Plasma Voltage,276,V
5788730058,1/18/2027,0,Plasma Pressure,70,Bar
5788730058,1/18/2027,0,Plasma WorkingHours,33,Bar
5788730058,1/18/2027,0,Plasma RecipeActual,3,Bar
5788730059,1/19/2027,1,Plasma Frequency,23,HZ
5788730059,1/19/2027,1,Plasma Current,12,A
5788730059,1/19/2027,1,Plasma Voltage,280,V
5788730059,1/19/2027,1,Plasma Pressure,76,Bar
5788730059,1/19/2027,1,Plasma WorkingHours,39,Bar
5788730059,1/19/2027,1,Plasma RecipeActual,1,Bar
5788730060,1/20/2027,1,Plasma Frequency,24,HZ
5788730060,1/20/2027,1,Plasma Current,11,A
5788730060,1/20/2027,1,Plasma Voltage,279,V
5788730060,1/20/2027,1,Plasma Pressure,75,Bar
5788730060,1/20/2027,1,Plasma WorkingHours,40,Bar
5788730060,1/20/2027,1,Plasma RecipeActual,1,Bar
5788730061,1/21/2027,1,Plasma Frequency,23,HZ
5788730061,1/21/2027,1,Plasma Current,12,A
5788730061,1/21/2027,1,Plasma Voltage,280,V
5788730061,1/21/2027,1,Plasma Pressure,76,Bar
5788730061,1/21/2027,1,Plasma WorkingHours,39,Bar
5788730061,1/21/2027,1,Plasma RecipeActual,1,Bar
5788730062,1/22/2027,0,Plasma Frequency,26,HZ
5788730062,1/22/2027,0,Plasma Current,14,A
5788730062,1/22/2027,0,Plasma Voltage,279,V
5788730062,1/22/2027,0,Plasma Pressure,73,Bar
5788730062,1/22/2027,0,Plasma WorkingHours,36,Bar
5788730062,1/22/2027,0,Plasma RecipeActual,2,Bar
5788730063,1/23/2027,1,Plasma Frequency,23,HZ
5788730063,1/23/2027,1,Plasma Current,12,A
5788730063,1/23/2027,1,Plasma Voltage,280,V
5788730063,1/23/2027,1,Plasma Pressure,76,Bar
5788730063,1/23/2027,1,Plasma WorkingHours,39,Bar
5788730063,1/23/2027,1,Plasma RecipeActual,1,Bar
5788730064,1/24/2027,1,Plasma Frequency,22,HZ
5788730064,1/24/2027,1,Plasma Current,13,A
5788730064,1/24/2027,1,Plasma Voltage,281,V
5788730064,1/24/2027,1,Plasma Pressure,74,Bar
5788730064,1/24/2027,1,Plasma WorkingHours,40,Bar
5788730064,1/24/2027,1,Plasma RecipeActual,1,Bar
5788730065,1/25/2027,1,Plasma Frequency,23,HZ
5788730065,1/25/2027,1,Plasma Current,12,A
5788730065,1/25/2027,1,Plasma Voltage,280,V
5788730065,1/25/2027,1,Plasma Pressure,75,Bar
5788730065,1/25/2027,1,Plasma WorkingHours,39,Bar
5788730065,1/25/2027,1,Plasma RecipeActual,1,Bar
5788730066,1/26/2027,0,Plasma Frequency,25,HZ
5788730066,1/26/2027,0,Plasma Current,15,A
5788730066,1/26/2027,0,Plasma Voltage,278,V
5788730066,1/26/2027,0,Plasma Pressure,72,Bar
5788730066,1/26/2027,0,Plasma WorkingHours,35,Bar
5788730066,1/26/2027,0,Plasma RecipeActual,2,Bar
5788730067,1/27/2027,1,Plasma Frequency,23,HZ
5788730067,1/27/2027,1,Plasma Current,12,A
5788730067,1/27/2027,1,Plasma Voltage,280,V
5788730067,1/27/2027,1,Plasma Pressure,76,Bar
5788730067,1/27/2027,1,Plasma WorkingHours,39,Bar
5788730067,1/27/2027,1,Plasma RecipeActual,1,Bar
5788730068,1/28/2027,1,Plasma Frequency,21,HZ
5788730068,1/28/2027,1,Plasma Current,11,A
5788730068,1/28/2027,1,Plasma Voltage,281,V
5788730068,1/28/2027,1,Plasma Pressure,74,Bar
5788730068,1/28/2027,1,Plasma WorkingHours,40,Bar
5788730068,1/28/2027,1,Plasma RecipeActual,1,Bar
5788730069,1/29/2027,0,Plasma Frequency,27,HZ
5788730069,1/29/2027,0,Plasma Current,16,A
5788730069,1/29/2027,0,Plasma Voltage,277,V
5788730069,1/29/2027,0,Plasma Pressure,71,Bar
5788730069,1/29/2027,0,Plasma WorkingHours,34,Bar
5788730069,1/29/2027,0,Plasma RecipeActual,3,Bar
5788730070,1/30/2027,1,Plasma Frequency,23,HZ
5788730070,1/30/2027,1,Plasma Current,12,A
5788730070,1/30/2027,1,Plasma Voltage,280,V
5788730070,1/30/2027,1,Plasma Pressure,76,Bar
5788730070,1/30/2027,1,Plasma WorkingHours,39,Bar
5788730070,1/30/2027,1,Plasma RecipeActual,1,Bar
5788730071,1/31/2027,1,Plasma Frequency,24,HZ
5788730071,1/31/2027,1,Plasma Current,11,A
5788730071,1/31/2027,1,Plasma Voltage,279,V
5788730071,1/31/2027,1,Plasma Pressure,75,Bar
5788730071,1/31/2027,1,Plasma WorkingHours,40,Bar
5788730071,1/31/2027,1,Plasma RecipeActual,1,Bar
5788730072,2/1/2027,1,Plasma Frequency,23,HZ
5788730072,2/1/2027,1,Plasma Current,12,A
5788730072,2/1/2027,1,Plasma Voltage,280,V
5788730072,2/1/2027,1,Plasma Pressure,76,Bar
5788730072,2/1/2027,1,Plasma WorkingHours,39,Bar
5788730072,2/1/2027,1,Plasma RecipeActual,1,Bar
5788730073,2/2/2027,0,Plasma Frequency,26,HZ
5788730073,2/2/2027,0,Plasma Current,14,A
5788730073,2/2/2027,0,Plasma Voltage,279,V
5788730073,2/2/2027,0,Plasma Pressure,73,Bar
5788730073,2/2/2027,0,Plasma WorkingHours,36,Bar
5788730073,2/2/2027,0,Plasma RecipeActual,2,Bar
5788730074,2/3/2027,1,Plasma Frequency,23,HZ
5788730074,2/3/2027,1,Plasma Current,12,A
5788730074,2/3/2027,1,Plasma Voltage,280,V
5788730074,2/3/2027,1,Plasma Pressure,76,Bar
5788730074,2/3/2027,1,Plasma WorkingHours,39,Bar
5788730074,2/3/2027,1,Plasma RecipeActual,1,Bar
5788730075,2/4/2027,1,Plasma Frequency,22,HZ
5788730075,2/4/2027,1,Plasma Current,13,A
5788730075,2/4/2027,1,Plasma Voltage,281,V
5788730075,2/4/2027,1,Plasma Pressure,74,Bar
5788730075,2/4/2027,1,Plasma WorkingHours,40,Bar
5788730075,2/4/2027,1,Plasma RecipeActual,1,Bar
5788730076,2/5/2027,1,Plasma Frequency,23,HZ
5788730076,2/5/2027,1,Plasma Current,12,A
5788730076,2/5/2027,1,Plasma Voltage,280,V
5788730076,2/5/2027,1,Plasma Pressure,75,Bar
5788730076,2/5/2027,1,Plasma WorkingHours,39,Bar
5788730076,2/5/2027,1,Plasma RecipeActual,1,Bar
5788730077,2/6/2027,0,Plasma Frequency,25,HZ
5788730077,2/6/2027,0,Plasma Current,15,A
5788730077,2/6/2027,0,Plasma Voltage,278,V
5788730077,2/6/2027,0,Plasma Pressure,72,Bar
5788730077,2/6/2027,0,Plasma WorkingHours,35,Bar
5788730077,2/6/2027,0,Plasma RecipeActual,2,Bar
5788730078,2/7/2027,1,Plasma Frequency,23,HZ
5788730078,2/7/2027,1,Plasma Current,12,A
5788730078,2/7/2027,1,Plasma Voltage,280,V
5788730078,2/7/2027,1,Plasma Pressure,76,Bar
5788730078,2/7/2027,1,Plasma WorkingHours,39,Bar
5788730078,2/7/2027,1,Plasma RecipeActual,1,Bar
5788730079,2/8/2027,1,Plasma Frequency,20,HZ
5788730079,2/8/2027,1,Plasma Current,10,A
5788730079,2/8/2027,1,Plasma Voltage,282,V
5788730079,2/8/2027,1,Plasma Pressure,80,Bar
5788730079,2/8/2027,1,Plasma WorkingHours,42,Bar
5788730079,2/8/2027,1,Plasma RecipeActual,1,Bar
5788730080,2/9/2027,0,Plasma Frequency,28,HZ
5788730080,2/9/2027,0,Plasma Current,17,A
5788730080,2/9/2027,0,Plasma Voltage,276,V
5788730080,2/9/2027,0,Plasma Pressure,70,Bar
5788730080,2/9/2027,0,Plasma WorkingHours,33,Bar
5788730080,2/9/2027,0,Plasma RecipeActual,3,Bar
5788730081,2/10/2027,1,Plasma Frequency,23,HZ
5788730081,2/10/2027,1,Plasma Current,12,A
5788730081,2/10/2027,1,Plasma Voltage,280,V
5788730081,2/10/2027,1,Plasma Pressure,76,Bar
5788730081,2/10/2027,1,Plasma WorkingHours,39,Bar
5788730081,2/10/2027,1,Plasma RecipeActual,1,Bar
5788730082,2/11/2027,1,Plasma Frequency,24,HZ
5788730082,2/11/2027,1,Plasma Current,11,A
5788730082,2/11/2027,1,Plasma Voltage,279,V
5788730082,2/11/2027,1,Plasma Pressure,75,Bar
5788730082,2/11/2027,1,Plasma WorkingHours,40,Bar
5788730082,2/11/2027,1,Plasma RecipeActual,1,Bar
5788730083,2/12/2027,1,Plasma Frequency,23,HZ
5788730083,2/12/2027,1,Plasma Current,12,A
5788730083,2/12/2027,1,Plasma Voltage,280,V
5788730083,2/12/2027,1,Plasma Pressure,76,Bar
5788730083,2/12/2027,1,Plasma WorkingHours,39,Bar
5788730083,2/12/2027,1,Plasma RecipeActual,1,Bar
5788730084,2/13/2027,0,Plasma Frequency,26,HZ
5788730084,2/13/2027,0,Plasma Current,14,A
5788730084,2/13/2027,0,Plasma Voltage,279,V
5788730084,2/13/2027,0,Plasma Pressure,73,Bar
5788730084,2/13/2027,0,Plasma WorkingHours,36,Bar
5788730084,2/13/2027,0,Plasma RecipeActual,2,Bar
5788730085,2/14/2027,1,Plasma Frequency,23,HZ
5788730085,2/14/2027,1,Plasma Current,12,A
5788730085,2/14/2027,1,Plasma Voltage,280,V
5788730085,2/14/2027,1,Plasma Pressure,76,Bar
5788730085,2/14/2027,1,Plasma WorkingHours,39,Bar
5788730085,2/14/2027,1,Plasma RecipeActual,1,Bar
5788730086,2/15/2027,1,Plasma Frequency,22,HZ
5788730086,2/15/2027,1,Plasma Current,13,A
5788730086,2/15/2027,1,Plasma Voltage,281,V
5788730086,2/15/2027,1,Plasma Pressure,74,Bar
5788730086,2/15/2027,1,Plasma WorkingHours,40,Bar
5788730086,2/15/2027,1,Plasma RecipeActual,1,Bar
5788730087,2/16/2027,1,Plasma Frequency,23,HZ
5788730087,2/16/2027,1,Plasma Current,12,A
5788730087,2/16/2027,1,Plasma Voltage,280,V
5788730087,2/16/2027,1,Plasma Pressure,75,Bar
5788730087,2/16/2027,1,Plasma WorkingHours,39,Bar
5788730087,2/16/2027,1,Plasma RecipeActual,1,Bar
5788730088,2/17/2027,0,Plasma Frequency,25,HZ
5788730088,2/17/2027,0,Plasma Current,15,A
5788730088,2/17/2027,0,Plasma Voltage,278,V
5788730088,2/17/2027,0,Plasma Pressure,72,Bar
5788730088,2/17/2027,0,Plasma WorkingHours,35,Bar
5788730088,2/17/2027,0,Plasma RecipeActual,2,Bar
5788730089,2/18/2027,1,Plasma Frequency,23,HZ
5788730089,2/18/2027,1,Plasma Current,12,A
5788730089,2/18/2027,1,Plasma Voltage,280,V
5788730089,2/18/2027,1,Plasma Pressure,76,Bar
5788730089,2/18/2027,1,Plasma WorkingHours,39,Bar
5788730089,2/18/2027,1,Plasma RecipeActual,1,Bar
5788730090,2/19/2027,1,Plasma Frequency,21,HZ
5788730090,2/19/2027,1,Plasma Current,11,A
5788730090,2/19/2027,1,Plasma Voltage,281,V
5788730090,2/19/2027,1,Plasma Pressure,74,Bar
5788730090,2/19/2027,1,Plasma WorkingHours,40,Bar
5788730090,2/19/2027,1,Plasma RecipeActual,1,Bar
5788730091,2/20/2027,0,Plasma Frequency,27,HZ
5788730091,2/20/2027,0,Plasma Current,16,A
5788730091,2/20/2027,0,Plasma Voltage,277,V
5788730091,2/20/2027,0,Plasma Pressure,71,Bar
5788730091,2/20/2027,0,Plasma WorkingHours,34,Bar
5788730091,2/20/2027,0,Plasma RecipeActual,3,Bar
5788730092,2/21/2027,1,Plasma Frequency,23,HZ
5788730092,2/21/2027,1,Plasma Current,12,A
5788730092,2/21/2027,1,Plasma Voltage,280,V
5788730092,2/21/2027,1,Plasma Pressure,76,Bar
5788730092,2/21/2027,1,Plasma WorkingHours,39,Bar
5788730092,2/21/2027,1,Plasma RecipeActual,1,Bar
5788730093,2/22/2027,1,Plasma Frequency,24,HZ
5788730093,2/22/2027,1,Plasma Current,11,A
5788730093,2/22/2027,1,Plasma Voltage,279,V
5788730093,2/22/2027,1,Plasma Pressure,75,Bar
5788730093,2/22/2027,1,Plasma WorkingHours,40,Bar
5788730093,2/22/2027,1,Plasma RecipeActual,1,Bar
5788730094,2/23/2027,1,Plasma Frequency,23,HZ
5788730094,2/23/2027,1,Plasma Current,12,A
5788730094,2/23/2027,1,Plasma Voltage,280,V
5788730094,2/23/2027,1,Plasma Pressure,76,Bar
5788730094,2/23/2027,1,Plasma WorkingHours,39,Bar
5788730094,2/23/2027,1,Plasma RecipeActual,1,Bar
5788730095,2/24/2027,0,Plasma Frequency,26,HZ
5788730095,2/24/2027,0,Plasma Current,14,A
5788730095,2/24/2027,0,Plasma Voltage,279,V
5788730095,2/24/2027,0,Plasma Pressure,73,Bar
5788730095,2/24/2027,0,Plasma WorkingHours,36,Bar
5788730095,2/24/2027,0,Plasma RecipeActual,2,Bar
5788730096,2/25/2027,1,Plasma Frequency,23,HZ
5788730096,2/25/2027,1,Plasma Current,12,A
5788730096,2/25/2027,1,Plasma Voltage,280,V
5788730096,2/25/2027,1,Plasma Pressure,76,Bar
5788730096,2/25/2027,1,Plasma WorkingHours,39,Bar
5788730096,2/25/2027,1,Plasma RecipeActual,1,Bar
5788730097,2/26/2027,1,Plasma Frequency,22,HZ
5788730097,2/26/2027,1,Plasma Current,13,A
5788730097,2/26/2027,1,Plasma Voltage,281,V
5788730097,2/26/2027,1,Plasma Pressure,74,Bar
5788730097,2/26/2027,1,Plasma WorkingHours,40,Bar
5788730097,2/26/2027,1,Plasma RecipeActual,1,Bar
5788730098,2/27/2027,1,Plasma Frequency,23,HZ
5788730098,2/27/2027,1,Plasma Current,12,A
5788730098,2/27/2027,1,Plasma Voltage,280,V
5788730098,2/27/2027,1,Plasma Pressure,75,Bar
5788730098,2/27/2027,1,Plasma WorkingHours,39,Bar
5788730098,2/27/2027,1,Plasma RecipeActual,1,Bar
5788730099,2/28/2027,0,Plasma Frequency,25,HZ
5788730099,2/28/2027,0,Plasma Current,15,A
5788730099,2/28/2027,0,Plasma Voltage,278,V
5788730099,2/28/2027,0,Plasma Pressure,72,Bar
5788730099,2/28/2027,0,Plasma WorkingHours,35,Bar
5788730099,2/28/2027,0,Plasma RecipeActual,2,Bar
5788730100,3/1/2027,1,Plasma Frequency,23,HZ
5788730100,3/1/2027,1,Plasma Current,12,A
5788730100,3/1/2027,1,Plasma Voltage,280,V
5788730100,3/1/2027,1,Plasma Pressure,76,Bar
5788730100,3/1/2027,1,Plasma WorkingHours,39,Bar
5788730100,3/1/2027,1,Plasma RecipeActual,1,Bar
5788730101,3/2/2027,1,Plasma Frequency,20,HZ
5788730101,3/2/2027,1,Plasma Current,10,A
5788730101,3/2/2027,1,Plasma Voltage,282,V
5788730101,3/2/2027,1,Plasma Pressure,80,Bar
5788730101,3/2/2027,1,Plasma WorkingHours,42,Bar
5788730101,3/2/2027,1,Plasma RecipeActual,1,Bar
5788730102,3/3/2027,0,Plasma Frequency,28,HZ
5788730102,3/3/2027,0,Plasma Current,17,A
5788730102,3/3/2027,0,Plasma Voltage,276,V
5788730102,3/3/2027,0,Plasma Pressure,70,Bar
5788730102,3/3/2027,0,Plasma WorkingHours,33,Bar
5788730102,3/3/2027,0,Plasma RecipeActual,3,Bar
5788730103,3/4/2027,1,Plasma Frequency,23,HZ
5788730103,3/4/2027,1,Plasma Current,12,A
5788730103,3/4/2027,1,Plasma Voltage,280,V
5788730103,3/4/2027,1,Plasma Pressure,76,Bar
5788730103,3/4/2027,1,Plasma WorkingHours,39,Bar
5788730103,3/4/2027,1,Plasma RecipeActual,1,Bar
5788730104,3/5/2027,1,Plasma Frequency,24,HZ
5788730104,3/5/2027,1,Plasma Current,11,A
5788730104,3/5/2027,1,Plasma Voltage,279,V
5788730104,3/5/2027,1,Plasma Pressure,75,Bar
5788730104,3/5/2027,1,Plasma WorkingHours,40,Bar
5788730104,3/5/2027,1,Plasma RecipeActual,1,Bar
5788730105,3/6/2027,1,Plasma Frequency,23,HZ
5788730105,3/6/2027,1,Plasma Current,12,A
5788730105,3/6/2027,1,Plasma Voltage,280,V
5788730105,3/6/2027,1,Plasma Pressure,76,Bar
5788730105,3/6/2027,1,Plasma WorkingHours,39,Bar
5788730105,3/6/2027,1,Plasma RecipeActual,1,Bar
5788730106,3/7/2027,0,Plasma Frequency,26,HZ
5788730106,3/7/2027,0,Plasma Current,14,A
5788730106,3/7/2027,0,Plasma Voltage,279,V
5788730106,3/7/2027,0,Plasma Pressure,73,Bar
5788730106,3/7/2027,0,Plasma WorkingHours,36,Bar
5788730106,3/7/2027,0,Plasma RecipeActual,2,Bar
5788730107,3/8/2027,1,Plasma Frequency,23,HZ
5788730107,3/8/2027,1,Plasma Current,12,A
5788730107,3/8/2027,1,Plasma Voltage,280,V
5788730107,3/8/2027,1,Plasma Pressure,76,Bar
5788730107,3/8/2027,1,Plasma WorkingHours,39,Bar
5788730107,3/8/2027,1,Plasma RecipeActual,1,Bar
5788730108,3/9/2027,1,Plasma Frequency,22,HZ
5788730108,3/9/2027,1,Plasma Current,13,A
5788730108,3/9/2027,1,Plasma Voltage,281,V
5788730108,3/9/2027,1,Plasma Pressure,74,Bar
5788730108,3/9/2027,1,Plasma WorkingHours,40,Bar
5788730108,3/9/2027,1,Plasma RecipeActual,1,Bar
5788730109,3/10/2027,1,Plasma Frequency,23,HZ
5788730109,3/10/2027,1,Plasma Current,12,A
5788730109,3/10/2027,1,Plasma Voltage,280,V
5788730109,3/10/2027,1,Plasma Pressure,75,Bar
5788730109,3/10/2027,1,Plasma WorkingHours,39,Bar
5788730109,3/10/2027,1,Plasma RecipeActual,1,Bar
5788730110,3/11/2027,0,Plasma Frequency,25,HZ
5788730110,3/11/2027,0,Plasma Current,15,A
5788730110,3/11/2027,0,Plasma Voltage,278,V
5788730110,3/11/2027,0,Plasma Pressure,72,Bar
5788730110,3/11/2027,0,Plasma WorkingHours,35,Bar
5788730110,3/11/2027,0,Plasma RecipeActual,2,Bar
5788730111,3/12/2027,1,Plasma Frequency,23,HZ
5788730111,3/12/2027,1,Plasma Current,12,A
5788730111,3/12/2027,1,Plasma Voltage,280,V
5788730111,3/12/2027,1,Plasma Pressure,76,Bar
5788730111,3/12/2027,1,Plasma WorkingHours,39,Bar
5788730111,3/12/2027,1,Plasma RecipeActual,1,Bar
5788730112,3/13/2027,1,Plasma Frequency,21,HZ
5788730112,3/13/2027,1,Plasma Current,11,A
5788730112,3/13/2027,1,Plasma Voltage,281,V
5788730112,3/13/2027,1,Plasma Pressure,74,Bar
5788730112,3/13/2027,1,Plasma WorkingHours,40,Bar
5788730112,3/13/2027,1,Plasma RecipeActual,1,Bar
5788730113,3/14/2027,0,Plasma Frequency,27,HZ
5788730113,3/14/2027,0,Plasma Current,16,A
5788730113,3/14/2027,0,Plasma Voltage,277,V
5788730113,3/14/2027,0,Plasma Pressure,71,Bar
5788730113,3/14/2027,0,Plasma WorkingHours,34,Bar
5788730113,3/14/2027,0,Plasma RecipeActual,3,Bar
5788730114,3/15/2027,1,Plasma Frequency,23,HZ
5788730114,3/15/2027,1,Plasma Current,12,A
5788730114,3/15/2027,1,Plasma Voltage,280,V
5788730114,3/15/2027,1,Plasma Pressure,76,Bar
5788730114,3/15/2027,1,Plasma WorkingHours,39,Bar
5788730114,3/15/2027,1,Plasma RecipeActual,1,Bar
5788730115,3/16/2027,1,Plasma Frequency,24,HZ
5788730115,3/16/2027,1,Plasma Current,11,A
5788730115,3/16/2027,1,Plasma Voltage,279,V
5788730115,3/16/2027,1,Plasma Pressure,75,Bar
5788730115,3/16/2027,1,Plasma WorkingHours,40,Bar
5788730115,3/16/2027,1,Plasma RecipeActual,1,Bar
5788730116,3/17/2027,1,Plasma Frequency,23,HZ
5788730116,3/17/2027,1,Plasma Current,12,A
5788730116,3/17/2027,1,Plasma Voltage,280,V
5788730116,3/17/2027,1,Plasma Pressure,76,Bar
5788730116,3/17/2027,1,Plasma WorkingHours,39,Bar
5788730116,3/17/2027,1,Plasma RecipeActual,1,Bar
5788730117,3/18/2027,0,Plasma Frequency,26,HZ
5788730117,3/18/2027,0,Plasma Current,14,A
5788730117,3/18/2027,0,Plasma Voltage,279,V
5788730117,3/18/2027,0,Plasma Pressure,73,Bar
5788730117,3/18/2027,0,Plasma WorkingHours,36,Bar
5788730117,3/18/2027,0,Plasma RecipeActual,2,Bar
5788730118,3/19/2027,1,Plasma Frequency,23,HZ
5788730118,3/19/2027,1,Plasma Current,12,A
5788730118,3/19/2027,1,Plasma Voltage,280,V
5788730118,3/19/2027,1,Plasma Pressure,76,Bar
5788730118,3/19/2027,1,Plasma WorkingHours,39,Bar
5788730118,3/19/2027,1,Plasma RecipeActual,1,Bar
5788730119,3/20/2027,1,Plasma Frequency,22,HZ
5788730119,3/20/2027,1,Plasma Current,13,A
5788730119,3/20/2027,1,Plasma Voltage,281,V
5788730119,3/20/2027,1,Plasma Pressure,74,Bar
5788730119,3/20/2027,1,Plasma WorkingHours,40,Bar
5788730119,3/20/2027,1,Plasma RecipeActual,1,Bar
5788730120,3/21/2027,1,Plasma Frequency,23,HZ
5788730120,3/21/2027,1,Plasma Current,12,A
5788730120,3/21/2027,1,Plasma Voltage,280,V
5788730120,3/21/2027,1,Plasma Pressure,75,Bar
5788730120,3/21/2027,1,Plasma WorkingHours,39,Bar
5788730120,3/21/2027,1,Plasma RecipeActual,1,Bar
5788730121,3/22/2027,0,Plasma Frequency,25,HZ
5788730121,3/22/2027,0,Plasma Current,15,A
5788730121,3/22/2027,0,Plasma Voltage,278,V
5788730121,3/22/2027,0,Plasma Pressure,72,Bar
5788730121,3/22/2027,0,Plasma WorkingHours,35,Bar
5788730121,3/22/2027,0,Plasma RecipeActual,2,Bar
5788730122,3/23/2027,1,Plasma Frequency,23,HZ
5788730122,3/23/2027,1,Plasma Current,12,A
5788730122,3/23/2027,1,Plasma Voltage,280,V
5788730122,3/23/2027,1,Plasma Pressure,76,Bar
5788730122,3/23/2027,1,Plasma WorkingHours,39,Bar
5788730122,3/23/2027,1,Plasma RecipeActual,1,Bar
5788730123,3/24/2027,1,Plasma Frequency,20,HZ
5788730123,3/24/2027,1,Plasma Current,10,A
5788730123,3/24/2027,1,Plasma Voltage,282,V
5788730123,3/24/2027,1,Plasma Pressure,80,Bar
5788730123,3/24/2027,1,Plasma WorkingHours,42,Bar
5788730123,3/24/2027,1,Plasma RecipeActual,1,Bar
5788730124,3/25/2027,0,Plasma Frequency,28,HZ
5788730124,3/25/2027,0,Plasma Current,17,A
5788730124,3/25/2027,0,Plasma Voltage,276,V
5788730124,3/25/2027,0,Plasma Pressure,70,Bar
5788730124,3/25/2027,0,Plasma WorkingHours,33,Bar
5788730124,3/25/2027,0,Plasma RecipeActual,3,Bar
5788730125,3/26/2027,1,Plasma Frequency,23,HZ
5788730125,3/26/2027,1,Plasma Current,12,A
5788730125,3/26/2027,1,Plasma Voltage,280,V
5788730125,3/26/2027,1,Plasma Pressure,76,Bar
5788730125,3/26/2027,1,Plasma WorkingHours,39,Bar
5788730125,3/26/2027,1,Plasma RecipeActual,1,Bar
5788730126,3/27/2027,1,Plasma Frequency,24,HZ
5788730126,3/27/2027,1,Plasma Current,11,A
5788730126,3/27/2027,1,Plasma Voltage,279,V
5788730126,3/27/2027,1,Plasma Pressure,75,Bar
5788730126,3/27/2027,1,Plasma WorkingHours,40,Bar
5788730126,3/27/2027,1,Plasma RecipeActual,1,Bar
5788730127,3/28/2027,1,Plasma Frequency,23,HZ
5788730127,3/28/2027,1,Plasma Current,12,A
5788730127,3/28/2027,1,Plasma Voltage,280,V
5788730127,3/28/2027,1,Plasma Pressure,76,Bar
5788730127,3/28/2027,1,Plasma WorkingHours,39,Bar
5788730127,3/28/2027,1,Plasma RecipeActual,1,Bar
5788730128,3/29/2027,0,Plasma Frequency,26,HZ
5788730128,3/29/2027,0,Plasma Current,14,A
5788730128,3/29/2027,0,Plasma Voltage,279,V
5788730128,3/29/2027,0,Plasma Pressure,73,Bar
5788730128,3/29/2027,0,Plasma WorkingHours,36,Bar
5788730128,3/29/2027,0,Plasma RecipeActual,2,Bar
5788730129,3/30/2027,1,Plasma Frequency,23,HZ
5788730129,3/30/2027,1,Plasma Current,12,A
5788730129,3/30/2027,1,Plasma Voltage,280,V
5788730129,3/30/2027,1,Plasma Pressure,76,Bar
5788730129,3/30/2027,1,Plasma WorkingHours,39,Bar
5788730129,3/30/2027,1,Plasma RecipeActual,1,Bar
5788730130,3/31/2027,1,Plasma Frequency,22,HZ
5788730130,3/31/2027,1,Plasma Current,13,A
5788730130,3/31/2027,1,Plasma Voltage,281,V
5788730130,3/31/2027,1,Plasma Pressure,74,Bar
5788730130,3/31/2027,1,Plasma WorkingHours,40,Bar
5788730130,3/31/2027,1,Plasma RecipeActual,1,Bar
5788730131,4/1/2027,1,Plasma Frequency,23,HZ
5788730131,4/1/2027,1,Plasma Current,12,A
5788730131,4/1/2027,1,Plasma Voltage,280,V
5788730131,4/1/2027,1,Plasma Pressure,75,Bar
5788730131,4/1/2027,1,Plasma WorkingHours,39,Bar
5788730131,4/1/2027,1,Plasma RecipeActual,1,Bar
5788730132,4/2/2027,0,Plasma Frequency,25,HZ
5788730132,4/2/2027,0,Plasma Current,15,A
5788730132,4/2/2027,0,Plasma Voltage,278,V
5788730132,4/2/2027,0,Plasma Pressure,72,Bar
5788730132,4/2/2027,0,Plasma WorkingHours,35,Bar
5788730132,4/2/2027,0,Plasma RecipeActual,2,Bar
5788730133,4/3/2027,1,Plasma Frequency,23,HZ
5788730133,4/3/2027,1,Plasma Current,12,A
5788730133,4/3/2027,1,Plasma Voltage,280,V
5788730133,4/3/2027,1,Plasma Pressure,76,Bar
5788730133,4/3/2027,1,Plasma WorkingHours,39,Bar
5788730133,4/3/2027,1,Plasma RecipeActual,1,Bar
5788730134,4/4/2027,1,Plasma Frequency,21,HZ
5788730134,4/4/2027,1,Plasma Current,11,A
5788730134,4/4/2027,1,Plasma Voltage,281,V
5788730134,4/4/2027,1,Plasma Pressure,74,Bar
5788730134,4/4/2027,1,Plasma WorkingHours,40,Bar
5788730134,4/4/2027,1,Plasma RecipeActual,1,Bar
5788730135,4/5/2027,0,Plasma Frequency,27,HZ
5788730135,4/5/2027,0,Plasma Current,16,A
5788730135,4/5/2027,0,Plasma Voltage,277,V
5788730135,4/5/2027,0,Plasma Pressure,71,Bar
5788730135,4/5/2027,0,Plasma WorkingHours,34,Bar
5788730135,4/5/2027,0,Plasma RecipeActual,3,Bar
5788730136,4/6/2027,1,Plasma Frequency,23,HZ
5788730136,4/6/2027,1,Plasma Current,12,A
5788730136,4/6/2027,1,Plasma Voltage,280,V
5788730136,4/6/2027,1,Plasma Pressure,76,Bar
5788730136,4/6/2027,1,Plasma WorkingHours,39,Bar
5788730136,4/6/2027,1,Plasma RecipeActual,1,Bar
5788730137,4/7/2027,1,Plasma Frequency,24,HZ
5788730137,4/7/2027,1,Plasma Current,11,A
5788730137,4/7/2027,1,Plasma Voltage,279,V
5788730137,4/7/2027,1,Plasma Pressure,75,Bar
5788730137,4/7/2027,1,Plasma WorkingHours,40,Bar
5788730137,4/7/2027,1,Plasma RecipeActual,1,Bar
5788730138,4/8/2027,1,Plasma Frequency,23,HZ
5788730138,4/8/2027,1,Plasma Current,12,A
5788730138,4/8/2027,1,Plasma Voltage,280,V
5788730138,4/8/2027,1,Plasma Pressure,76,Bar
5788730138,4/8/2027,1,Plasma WorkingHours,39,Bar
5788730138,4/8/2027,1,Plasma RecipeActual,1,Bar
5788730139,4/9/2027,0,Plasma Frequency,26,HZ
5788730139,4/9/2027,0,Plasma Current,14,A
5788730139,4/9/2027,0,Plasma Voltage,279,V
5788730139,4/9/2027,0,Plasma Pressure,73,Bar
5788730139,4/9/2027,0,Plasma WorkingHours,36,Bar
5788730139,4/9/2027,0,Plasma RecipeActual,2,Bar
5788730140,4/10/2027,1,Plasma Frequency,23,HZ
5788730140,4/10/2027,1,Plasma Current,12,A
5788730140,4/10/2027,1,Plasma Voltage,280,V
5788730140,4/10/2027,1,Plasma Pressure,76,Bar
5788730140,4/10/2027,1,Plasma WorkingHours,39,Bar
5788730140,4/10/2027,1,Plasma RecipeActual,1,Bar
5788730141,4/11/2027,1,Plasma Frequency,22,HZ
5788730141,4/11/2027,1,Plasma Current,13,A
5788730141,4/11/2027,1,Plasma Voltage,281,V
5788730141,4/11/2027,1,Plasma Pressure,74,Bar
5788730141,4/11/2027,1,Plasma WorkingHours,40,Bar
5788730141,4/11/2027,1,Plasma RecipeActual,1,Bar
5788730142,4/12/2027,1,Plasma Frequency,23,HZ
5788730142,4/12/2027,1,Plasma Current,12,A
5788730142,4/12/2027,1,Plasma Voltage,280,V
5788730142,4/12/2027,1,Plasma Pressure,75,Bar
5788730142,4/12/2027,1,Plasma WorkingHours,39,Bar
5788730142,4/12/2027,1,Plasma RecipeActual,1,Bar
5788730143,4/13/2027,0,Plasma Frequency,25,HZ
5788730143,4/13/2027,0,Plasma Current,15,A
5788730143,4/13/2027,0,Plasma Voltage,278,V
5788730143,4/13/2027,0,Plasma Pressure,72,Bar
5788730143,4/13/2027,0,Plasma WorkingHours,35,Bar
5788730143,4/13/2027,0,Plasma RecipeActual,2,Bar
5788730144,4/14/2027,1,Plasma Frequency,23,HZ
5788730144,4/14/2027,1,Plasma Current,12,A
5788730144,4/14/2027,1,Plasma Voltage,280,V
5788730144,4/14/2027,1,Plasma Pressure,76,Bar
5788730144,4/14/2027,1,Plasma WorkingHours,39,Bar
5788730144,4/14/2027,1,Plasma RecipeActual,1,Bar
5788730145,4/15/2027,1,Plasma Frequency,20,HZ
5788730145,4/15/2027,1,Plasma Current,10,A
5788730145,4/15/2027,1,Plasma Voltage,282,V
5788730145,4/15/2027,1,Plasma Pressure,80,Bar
5788730145,4/15/2027,1,Plasma WorkingHours,42,Bar
5788730145,4/15/2027,1,Plasma RecipeActual,1,Bar
5788730146,4/16/2027,0,Plasma Frequency,28,HZ
5788730146,4/16/2027,0,Plasma Current,17,A
5788730146,4/16/2027,0,Plasma Voltage,276,V
5788730146,4/16/2027,0,Plasma Pressure,70,Bar
5788730146,4/16/2027,0,Plasma WorkingHours,33,Bar
5788730146,4/16/2027,0,Plasma RecipeActual,3,Bar
5788730147,4/17/2027,1,Plasma Frequency,23,HZ
5788730147,4/17/2027,1,Plasma Current,12,A
5788730147,4/17/2027,1,Plasma Voltage,280,V
5788730147,4/17/2027,1,Plasma Pressure,76,Bar
5788730147,4/17/2027,1,Plasma WorkingHours,39,Bar
5788730147,4/17/2027,1,Plasma RecipeActual,1,Bar
5788730148,4/18/2027,1,Plasma Frequency,24,HZ
5788730148,4/18/2027,1,Plasma Current,11,A
5788730148,4/18/2027,1,Plasma Voltage,279,V
5788730148,4/18/2027,1,Plasma Pressure,75,Bar
5788730148,4/18/2027,1,Plasma WorkingHours,40,Bar
5788730148,4/18/2027,1,Plasma RecipeActual,1,Bar
5788730149,4/19/2027,1,Plasma Frequency,23,HZ
5788730149,4/19/2027,1,Plasma Current,12,A
5788730149,4/19/2027,1,Plasma Voltage,280,V
5788730149,4/19/2027,1,Plasma Pressure,76,Bar
5788730149,4/19/2027,1,Plasma WorkingHours,39,Bar
5788730149,4/19/2027,1,Plasma RecipeActual,1,Bar
5788730150,4/20/2027,0,Plasma Frequency,26,HZ
5788730150,4/20/2027,0,Plasma Current,14,A
5788730150,4/20/2027,0,Plasma Voltage,279,V
5788730150,4/20/2027,0,Plasma Pressure,73,Bar
5788730150,4/20/2027,0,Plasma WorkingHours,36,Bar
5788730150,4/20/2027,0,Plasma RecipeActual,2,Bar
5788730151,4/21/2027,1,Plasma Frequency,23,HZ
5788730151,4/21/2027,1,Plasma Current,12,A
5788730151,4/21/2027,1,Plasma Voltage,280,V
5788730151,4/21/2027,1,Plasma Pressure,76,Bar
5788730151,4/21/2027,1,Plasma WorkingHours,39,Bar
5788730151,4/21/2027,1,Plasma RecipeActual,1,Bar
5788730152,4/22/2027,1,Plasma Frequency,22,HZ
5788730152,4/22/2027,1,Plasma Current,13,A
5788730152,4/22/2027,1,Plasma Voltage,281,V
5788730152,4/22/2027,1,Plasma Pressure,74,Bar
5788730152,4/22/2027,1,Plasma WorkingHours,40,Bar
5788730152,4/22/2027,1,Plasma RecipeActual,1,Bar
5788730153,4/23/2027,1,Plasma Frequency,23,HZ
5788730153,4/23/2027,1,Plasma Current,12,A
5788730153,4/23/2027,1,Plasma Voltage,280,V
5788730153,4/23/2027,1,Plasma Pressure,75,Bar
5788730153,4/23/2027,1,Plasma WorkingHours,39,Bar
5788730153,4/23/2027,1,Plasma RecipeActual,1,Bar
5788730154,4/24/2027,0,Plasma Frequency,25,HZ
5788730154,4/24/2027,0,Plasma Current,15,A
5788730154,4/24/2027,0,Plasma Voltage,278,V
5788730154,4/24/2027,0,Plasma Pressure,72,Bar
5788730154,4/24/2027,0,Plasma WorkingHours,35,Bar
5788730154,4/24/2027,0,Plasma RecipeActual,2,Bar
5788730155,4/25/2027,1,Plasma Frequency,23,HZ
5788730155,4/25/2027,1,Plasma Current,12,A
5788730155,4/25/2027,1,Plasma Voltage,280,V
5788730155,4/25/2027,1,Plasma Pressure,76,Bar
5788730155,4/25/2027,1,Plasma WorkingHours,39,Bar
5788730155,4/25/2027,1,Plasma RecipeActual,1,Bar
5788730156,4/26/2027,1,Plasma Frequency,21,HZ
5788730156,4/26/2027,1,Plasma Current,11,A
5788730156,4/26/2027,1,Plasma Voltage,281,V
5788730156,4/26/2027,1,Plasma Pressure,74,Bar
5788730156,4/26/2027,1,Plasma WorkingHours,40,Bar
5788730156,4/26/2027,1,Plasma RecipeActual,1,Bar
5788730157,4/27/2027,0,Plasma Frequency,27,HZ
5788730157,4/27/2027,0,Plasma Current,16,A
5788730157,4/27/2027,0,Plasma Voltage,277,V
5788730157,4/27/2027,0,Plasma Pressure,71,Bar
5788730157,4/27/2027,0,Plasma WorkingHours,34,Bar
5788730157,4/27/2027,0,Plasma RecipeActual,3,Bar
5788730158,4/28/2027,1,Plasma Frequency,23,HZ
5788730158,4/28/2027,1,Plasma Current,12,A
5788730158,4/28/2027,1,Plasma Voltage,280,V
5788730158,4/28/2027,1,Plasma Pressure,76,Bar
5788730158,4/28/2027,1,Plasma WorkingHours,39,Bar
5788730158,4/28/2027,1,Plasma RecipeActual,1,Bar
5788730159,4/29/2027,1,Plasma Frequency,24,HZ
5788730159,4/29/2027,1,Plasma Current,11,A
5788730159,4/29/2027,1,Plasma Voltage,279,V
5788730159,4/29/2027,1,Plasma Pressure,75,Bar
5788730159,4/29/2027,1,Plasma WorkingHours,40,Bar
5788730159,4/29/2027,1,Plasma RecipeActual,1,Bar
5788730160,4/30/2027,1,Plasma Frequency,23,HZ
5788730160,4/30/2027,1,Plasma Current,12,A
5788730160,4/30/2027,1,Plasma Voltage,280,V
5788730160,4/30/2027,1,Plasma Pressure,76,Bar
5788730160,4/30/2027,1,Plasma WorkingHours,39,Bar
5788730160,4/30/2027,1,Plasma RecipeActual,1,Bar
5788730161,5/1/2027,0,Plasma Frequency,26,HZ
5788730161,5/1/2027,0,Plasma Current,14,A
5788730161,5/1/2027,0,Plasma Voltage,279,V
5788730161,5/1/2027,0,Plasma Pressure,73,Bar
5788730161,5/1/2027,0,Plasma WorkingHours,36,Bar
5788730161,5/1/2027,0,Plasma RecipeActual,2,Bar
5788730162,5/2/2027,1,Plasma Frequency,23,HZ
5788730162,5/2/2027,1,Plasma Current,12,A
5788730162,5/2/2027,1,Plasma Voltage,280,V
5788730162,5/2/2027,1,Plasma Pressure,76,Bar
5788730162,5/2/2027,1,Plasma WorkingHours,39,Bar
5788730162,5/2/2027,1,Plasma RecipeActual,1,Bar
5788730163,5/3/2027,1,Plasma Frequency,22,HZ
5788730163,5/3/2027,1,Plasma Current,13,A
5788730163,5/3/2027,1,Plasma Voltage,281,V
5788730163,5/3/2027,1,Plasma Pressure,74,Bar
5788730163,5/3/2027,1,Plasma WorkingHours,40,Bar
5788730163,5/3/2027,1,Plasma RecipeActual,1,Bar
5788730164,5/4/2027,1,Plasma Frequency,23,HZ
5788730164,5/4/2027,1,Plasma Current,12,A
5788730164,5/4/2027,1,Plasma Voltage,280,V
5788730164,5/4/2027,1,Plasma Pressure,75,Bar
5788730164,5/4/2027,1,Plasma WorkingHours,39,Bar
5788730164,5/4/2027,1,Plasma RecipeActual,1,Bar
5788730165,5/5/2027,0,Plasma Frequency,25,HZ
5788730165,5/5/2027,0,Plasma Current,15,A
5788730165,5/5/2027,0,Plasma Voltage,278,V
5788730165,5/5/2027,0,Plasma Pressure,72,Bar
5788730165,5/5/2027,0,Plasma WorkingHours,35,Bar
5788730165,5/5/2027,0,Plasma RecipeActual,2,Bar
5788730166,5/6/2027,1,Plasma Frequency,23,HZ
5788730166,5/6/2027,1,Plasma Current,12,A
5788730166,5/6/2027,1,Plasma Voltage,280,V
5788730166,5/6/2027,1,Plasma Pressure,76,Bar
5788730166,5/6/2027,1,Plasma WorkingHours,39,Bar
5788730166,5/6/2027,1,Plasma RecipeActual,1,Bar